id,symbol,name,market_cap_rank,current_price,market_cap,fully_diluted_valuation,total_volume,high_24h,low_24h,circulating_supply,total_supply,max_supply,ath,ath_change_percentage,ath_date,atl,atl_change_percentage,atl_date,price_change_24h,price_change_percentage_24h,price_change_percentage_1h,price_change_percentage_7d,price_change_percentage_30d,price_change_percentage_1y,market_cap_change_24h,market_cap_change_percentage_24h,last_updated,image,homepage,blockchain_site,twitter_screen_name,telegram_channel,subreddit_url,repos_url,twitter_followers,reddit_subscribers,reddit_average_posts_48h,reddit_average_comments_48h,telegram_channel_user_count,forks,stars,subscribers,total_issues,closed_issues,pull_requests_merged,commit_count_4_weeks,description,genesis_date,categories
bitcoin,BTC,Bitcoin,1,92551.0,1849586398531,1849586398531,81656907188.0,93929.0,90837.0,19957184.0,19957184.0,21000000.0,126080.0,-26.16251,2025-10-06T18:57:42.558Z,67.81,137188.88486,2013-07-06T00:00:00.000Z,611.5,0.66511,-0.4731528553930124,5.391199118165342,-13.158877373393988,-2.7763769918068975,14115935216.0,0.76906,2025-12-03T18:57:01.835Z,https://coin-images.coingecko.com/coins/images/1/large/bitcoin.png?1696501400,https://app.ethena.fi/,"https://etherscan.io/token/0x4c9edd5852cd905f086c759e8383e09bff1e68b3, https://ethplorer.io/address/0x4c9edd5852cd905f086c759e8383e09bff1e68b3, https://solscan.io/token/dekqhypn7gmrj5cartqfawefqbzb33hyf6s5icwjeont",ethena_labs,,,,,0.0,0.0,0.0,,0.0,0.0,0.0,0.0,0.0,0.0,0.0,Ethena is a delta-hedged synthetic dollar with native crypto yield derived from staking and perpetual funding rate,,"Stablecoins, USD Stablecoin, BNB Chain Ecosystem, Solana Ecosystem, Avalanche Ecosystem"
ethereum,ETH,Ethereum,2,3114.18,377137085161,377137085161,25348972896.0,3139.77,2976.94,120695439.0320186,120695439.0320186,,4946.05,-36.63835,2025-08-24T19:21:03.333Z,0.432979,723699.28997,2015-10-20T00:00:00.000Z,99.26,3.29234,-0.5301663704903613,5.6878714011031,-13.81557109921825,-12.423513888268161,12905449636.0,3.5432,2025-12-03T18:57:03.636Z,https://coin-images.coingecko.com/coins/images/279/large/ethereum.png?1696501628,https://www.coinbase.com/,"https://etherscan.io/token/0xcbb7c0000ab88b473b1f5afd9ef808440eed33bf, https://intel.arkm.com/explorer/token/coinbase-wrapped-btc, https://basescan.org/token/0xcbb7c0000ab88b473b1f5afd9ef808440eed33bf",coinbase,,,,,0.0,0.0,0.0,,0.0,0.0,0.0,0.0,0.0,0.0,0.0,"Coinbase Wrapped BTC (""cbBTC"") is a token that is backed 1:1 by native Bitcoin (BTC) held by Coinbase, meaning that for all cbBTC in circulation, there is an equivalent amount of BTC held in a secure custody solution (including cold storage) provided by Coinbase. Wrapped assets, like cbBTC, are transferable tokens that are redeemable for the underlying asset. Coinbase customers can unwrap cbBTC and redeem a corresponding amount of the underlying BTC simply by depositing the cbBTC into their Coin",,"Crypto-Backed Tokens, Tokenized BTC, Wrapped-Tokens, Solana Ecosystem, Arbitrum Ecosystem"
tether,USDT,Tether,3,1.0,184744825283,190213441302,101762446149.0,1.0,1.0,184688082362.9069,190155018739.8062,,1.32,-24.39618,2018-07-24T00:00:00.000Z,0.572521,74.72034,2015-03-02T00:00:00.000Z,9.9e-06,0.00099,-0.004542048743438375,0.04357064817194341,0.030965908239283014,0.013443597562997942,106627204.0,0.05775,2025-12-03T18:57:02.158Z,https://coin-images.coingecko.com/coins/images/325/large/Tether.png?1696501661,http://litecoin.org,"https://blockchair.com/litecoin, https://chainz.cryptoid.info/ltc/, https://bitupper.com/en/explorer/litecoin",LTCFoundation,,https://www.reddit.com/r/litecoin/,https://github.com/litecoin-project/litecoin,,0.0,0.0,0.0,,3059.0,4266.0,508.0,531.0,462.0,119.0,1.0,"Litecoin is a peer-to-peer cryptocurrency created by Charlie Lee. It was created based on the Bitcoin protocol but differs in terms of the hashing algorithm used. Litecoin uses the memory intensive Scrypt proof of work mining algorithm. Scrypt allows consumer-grade hardware such as GPU to mine those coins.

Why Litecoin?
Litecoin is a cryptocurrency that has evolved from Bitcoin after its own popularity in the industry, this alternative, or ‘altcoin’ has emerged to allow investors to diversif",2011-10-08,"Infrastructure, Smart Contract Platform, Layer 1 (L1), Proof of Work (PoW), GMCI 30 Index"
ripple,XRP,XRP,4,2.17,131451182003,217849977456,4038903013.0,2.21,2.14,60331635327.0,99985752852.0,100000000000.0,3.65,-40.14613,2025-07-18T03:40:53.808Z,0.00268621,81148.33581,2014-05-22T00:00:00.000Z,0.00035576,0.01637,-0.49711511742013637,-0.7066364113124428,-8.403034038010466,-13.724116629633592,366667283.0,0.27972,2025-12-03T18:57:00.544Z,https://coin-images.coingecko.com/coins/images/44/large/xrp-symbol-white-128.png?1696501442,https://sui.io/,"https://suiscan.xyz/mainnet/home, https://www.oklink.com/sui, https://suivision.xyz/coin/0x0000000000000000000000000000000000000000000000000000000000000002::sui::sui",SuiNetwork,,,https://github.com/MystenLabs/sui,,0.0,0.0,0.0,,12286.0,5403.0,150.0,3208.0,2621.0,9209.0,219.0,"Sui is an innovative layer-1 blockchain platform crafted to meet the demands of global adoption, providing a secure, robust, and scalable development environment. Rooted in a unique object-centric data model and fortified by the trusted Move programming language, Sui is engineered to tackle the inefficiencies found in current blockchain frameworks.

In addition to its solid technical underpinnings, Sui places a strong emphasis on user experience, aiming to remove common barriers encountered in",,"Smart Contract Platform, Binance Launchpool, Layer 1 (L1), Sui Ecosystem, Coinbase Ventures Portfolio"
binancecoin,BNB,BNB,5,902.22,124271801383,124271801383,2001781827.0,908.27,873.6,137736129.34,137736129.34,200000000.0,1369.99,-34.0073,2025-10-13T08:41:24.131Z,0.0398177,2270484.41756,2017-10-19T00:00:00.000Z,21.22,2.40889,-0.5499285794105542,3.466731470540225,-9.351678068936732,39.56034930559374,2885938783.0,2.37749,2025-12-03T18:57:01.669Z,https://coin-images.coingecko.com/coins/images/825/large/bnb-icon2_2x.png?1696501970,https://www.hedera.com/,"https://hashscan.io/, https://explorer.arkhia.io/mainnet/dashboard, https://app.dragonglass.me/hedera/home",hedera,hederahashgraph,https://www.reddit.com/r/Hedera/,"https://github.com/hashgraph, https://github.com/hashgraph/hashgraph.github.io",,0.0,0.0,0.0,22659.0,0.0,0.0,0.0,0.0,0.0,0.0,0.0,"Hedera is a decentralized public network where developers can build secure, fair applications with near real-time consensus. The platform is owned and governed by a council of global innovators including Avery Dennison, Boeing, Deutsche Telekom, DLA Piper, FIS (WorldPay), Google, IBM, LG Electronics, Magalu, Nomura, Swirlds, Tata Communications, University College London (UCL), Wipro, and Zain Group. 

The Hedera Consensus Service (HCS) acts as a trust layer for any application or permissioned",,"Smart Contract Platform, Layer 1 (L1), Hedera Ecosystem, GMCI Layer 1 Index, GMCI 30 Index"
solana,SOL,Solana,6,141.2,79225555072,87090951589,6196102271.0,143.83,138.0,559773912.5458547,615347442.8026563,,293.31,-51.73765,2025-01-19T11:15:27.957Z,0.500801,28166.55513,2020-05-11T19:35:23.449Z,1.23,0.87813,-0.5293137065297095,3.1515257040041877,-16.16045651667937,-36.711162717875936,863143512.0,1.10148,2025-12-03T18:57:01.047Z,https://coin-images.coingecko.com/coins/images/4128/large/solana.png?1718769756,https://www.avax.network,"https://snowtrace.io/, https://platform.arkhamintelligence.com/explorer/token/avalanche-2, https://explorer.avax.network/",avax,avalancheavax,https://www.reddit.com/r/Avax,https://github.com/ava-labs/avalanchego,,0.0,0.0,0.0,30880.0,655.0,2100.0,127.0,767.0,629.0,1544.0,50.0,"Avalanche is a high throughput smart contract blockchain platform. Validators secure the network through a proof-of-stake consensus protocol. It is said to be fast, low cost, and environmental friendly.",,"Smart Contract Platform, Layer 1 (L1), Avalanche Ecosystem, Proof of Stake (PoS), DragonFly Capital Portfolio"
usd-coin,USDC,USDC,7,0.99987,77783988427,77793782336,11478648490.0,0.999955,0.999605,77799358066.49365,77809153909.74037,,1.17,-14.73567,2019-05-08T00:40:28.300Z,0.877647,13.92969,2023-03-11T08:02:13.981Z,7.813e-05,0.00781,0.00671134180882159,0.016572761220703062,0.006321418507039653,0.02995017083569057,271248116.0,0.34994,2025-12-03T18:57:02.731Z,https://coin-images.coingecko.com/coins/images/6319/large/usdc.png?1696506694,https://aptosfoundation.org,"https://aptscan.ai/, https://explorer.aptoslabs.com/, https://aptoscan.com/",Aptos_Network,AptosTG,,https://github.com/aptos-labs,,0.0,0.0,0.0,108187.0,0.0,0.0,0.0,0.0,0.0,0.0,0.0,"Aptos is a new, independent high-performance PoS Layer 1 project focused on delivering the safest and most scalable Layer 1 blockchain in the world. The Aptos blockchain leverages the Move programming language and the Move VM for application development, which are created and optimized for blockchain use cases.The team is comprised of the original creators, researchers, designers, and builders of Diem, the blockchain that was first built to serve this purpose. Aptos raised $200m from a16z, Multi",,"Smart Contract Platform, Layer 1 (L1), Aptos Ecosystem, FTX Holdings, Coinbase Ventures Portfolio"
staked-ether,STETH,Lido Staked Ether,8,3118.8,27054607998,27054650429,24654685.0,3138.73,2975.54,8649543.232378602,8649556.797737343,,4932.89,-36.45558,2025-08-24T19:21:31.902Z,482.9,549.12062,2020-12-22T04:08:21.854Z,103.85,3.44459,-0.279691245261206,5.895807938553241,-13.648064381086279,-12.25543302733023,960044751.0,3.6791,2025-12-03T18:57:00.881Z,https://coin-images.coingecko.com/coins/images/13442/large/steth_logo.png?1696513206,,,,,,,,,,,,,,,,,,,,,
tron,TRX,TRON,9,0.278888,26411488514,26411486537,621854623.0,0.282908,0.278628,94678628946.3814,94678621860.8286,,0.431288,-35.27626,2024-12-04T00:10:40.323Z,0.00180434,15370.79198,2017-11-12T00:00:00.000Z,-0.003946253553360146,-1.39525,-0.02241891062684166,1.6146352467386327,-2.821686983687634,1.8215669621892936,-384077944.68943405,-1.43336,2025-12-03T18:57:02.213Z,https://coin-images.coingecko.com/coins/images/1094/large/tron-logo.png?1696502193,,,,,,,,,,,,,,,,,,,,,
dogecoin,DOGE,Dogecoin,10,0.150737,22971503109,24410204900,1561993418.0,0.151837,0.145058,152029526383.7052,161551112798.5791,,0.731578,-79.31814,2021-05-08T05:08:23.458Z,8.69e-05,174005.21831,2015-05-06T00:00:00.000Z,0.00450416,3.08013,-0.4631040189240313,-0.7878645803615781,-10.636921604073121,-62.72268692406898,733171110.0,3.29688,2025-12-03T18:57:06.220Z,https://coin-images.coingecko.com/coins/images/5/large/dogecoin.png?1696501409,,,,,,,,,,,,,,,,,,,,,
cardano,ADA,Cardano,11,0.442071,16203800167,19909779736,1187572295.0,0.446352,0.429584,36623760643.62697,45000000000.0,45000000000.0,3.09,-85.68667,2021-09-02T06:00:10.474Z,0.01925275,2194.94393,2020-03-13T02:22:55.044Z,0.01212539,2.82022,-0.25211633325213667,2.8010496129515188,-20.889926720647082,-62.923291046787256,464404928.0,2.95059,2025-12-03T18:57:05.665Z,https://coin-images.coingecko.com/coins/images/975/large/cardano.png?1696502090,,,,,,,,,,,,,,,,,,,,,
figure-heloc,FIGR_HELOC,Figure Heloc,12,1.002,14049783965,14049783965,389356768.0,1.035,1.002,14023362547.42,14023362547.42,,1.37,-26.84858,2025-10-28T06:05:38.345Z,0.155357,544.89317,2025-10-31T14:27:24.456Z,-0.02841720000000003,-2.75814,-0.0008483943288787487,-0.4971250075479969,-0.049292771929801825,,-360339293.51080894,-2.5006,2025-12-03T18:57:06.546Z,https://coin-images.coingecko.com/coins/images/68480/large/figure.png?1755863954,,,,,,,,,,,,,,,,,,,,,
whitebit,WBT,WhiteBIT Coin,13,62.51,13409137033,20070778681,178462201.0,62.76,61.27,214372548.0,320872548.0,400000000.0,62.96,-0.44861,2025-11-18T16:31:08.819Z,3.06,1947.23866,2023-02-13T19:01:21.899Z,0.72961,1.18097,-0.06747128128713552,6.888565336167543,15.38848476125837,167.02019503023672,134576285.0,1.01379,2025-12-03T18:57:02.503Z,https://coin-images.coingecko.com/coins/images/27045/large/wbt_token.png?1696526096,,,,,,,,,,,,,,,,,,,,,
wrapped-steth,WSTETH,Wrapped stETH,14,3806.75,12610186236,12610186236,53576068.0,3832.25,3634.81,3312605.280190269,3312605.280190269,,7256.02,-47.27048,2022-05-13T15:09:54.509Z,558.54,585.01173,2022-05-13T01:36:45.053Z,129.06,3.50929,-0.34491376353811243,3.2286811755799625,-13.503470830974468,-9.905097521228301,436806207.0,3.58821,2025-12-03T18:57:02.896Z,https://coin-images.coingecko.com/coins/images/18834/large/wstETH.png?1696518295,,,,,,,,,,,,,,,,,,,,,
bitcoin-cash,BCH,Bitcoin Cash,15,598.18,11936951034,11936960378,700613818.0,599.93,544.11,19961828.02165078,19961843.64665078,21000000.0,3785.82,-84.18334,2017-12-20T00:00:00.000Z,76.93,678.30869,2018-12-16T00:00:00.000Z,49.51,9.02344,0.36187386565251856,9.807275388743895,16.622703473579993,12.545418376462832,987695111.0,9.02066,2025-12-03T18:57:04.721Z,https://coin-images.coingecko.com/coins/images/780/large/bitcoin-cash-circle.png?1696501932,,,,,,,,,,,,,,,,,,,,,
wrapped-bitcoin,WBTC,Wrapped Bitcoin,16,92379.0,11567305864,11567305864,289997374.0,93895.0,90681.0,124963.48883569,124963.48883569,124963.48883569,125932.0,-26.15404,2025-10-06T18:55:19.650Z,3139.17,2862.42523,2019-04-02T00:00:00.000Z,584.38,0.63661,-0.5212509762491168,3.331051570993658,-13.178192943451188,-2.6919073228268022,99252242.0,0.86547,2025-12-03T18:57:03.022Z,https://coin-images.coingecko.com/coins/images/7598/large/WBTCLOGO.png?1764496367,,,,,,,,,,,,,,,,,,,,,
wrapped-beacon-eth,WBETH,Wrapped Beacon ETH,17,3375.84,11060835728,11060835728,17304119.0,3401.76,3227.26,3264440.430477822,3264440.430477822,,5330.78,-36.18276,2025-08-24T19:27:46.809Z,1501.6,126.55531,2025-04-09T03:57:40.245Z,108.61,3.32412,-0.42498870323007254,5.615825611056245,-13.596117929578147,-10.109352686062289,387027500.0,3.62596,2025-12-03T18:57:02.758Z,https://coin-images.coingecko.com/coins/images/30061/large/wbeth-icon.png?1696528983,,,,,,,,,,,,,,,,,,,,,
chainlink,LINK,Chainlink,18,14.41,10056207445,14430950522,1279723737.0,14.58,13.3,696849970.4525868,1000000000.0,1000000000.0,52.7,-72.5298,2021-05-10T00:13:57.214Z,0.148183,9668.89591,2017-11-29T00:00:00.000Z,1.05,7.85854,-0.4960609158651631,10.881295838609127,-6.838694464267653,-39.147784823348154,744295826.0,7.99294,2025-12-03T18:57:05.569Z,https://coin-images.coingecko.com/coins/images/877/large/Chainlink_Logo_500.png?1760023405,,,,,,,,,,,,,,,,,,,,,
usds,USDS,USDS,19,0.999907,9581104569,9581351096,37649380.0,1.0,0.999019,9582883315.530632,9583129888.498535,,1.057,-5.43859,2024-10-29T05:40:51.197Z,0.948265,5.43662,2024-10-03T13:19:28.826Z,1.036e-05,0.00104,0.021727531657890604,0.025471632547121273,0.002505574014475418,0.213666393150063,42100499.0,0.44135,2025-12-03T18:57:02.082Z,https://coin-images.coingecko.com/coins/images/39926/large/usds.webp?1726666683,,,,,,,,,,,,,,,,,,,,,
hyperliquid,HYPE,Hyperliquid,20,34.16,9263770160,34206673513,378955377.0,34.97,32.8,270772999.4341414,999835210.4341414,1000000000.0,59.3,-42.14077,2025-09-18T03:30:30.650Z,3.81,800.89208,2024-11-29T09:30:30.871Z,0.943372,2.83998,-0.5654023286374815,-0.66928834063731,-14.719140239253253,275.4290528587335,267165159.0,2.96962,2025-12-03T18:57:07.577Z,https://coin-images.coingecko.com/coins/images/50882/large/hyperliquid.jpg?1729431300,,,,,,,,,,,,,,,,,,,,,
binance-bridged-usdt-bnb-smart-chain,BSC-USD,Binance Bridged USDT (BNB Smart Chain),21,1.0,8981532933,8981532933,1353798364.0,1.002,0.99894,8984992892.453934,8984992892.453934,,1.05,-4.69621,2024-08-05T14:21:42.527Z,0.942186,6.20544,2024-12-05T22:30:39.827Z,0.00032936,0.03294,0.01591255169970622,0.0053402858915967905,0.10029556264276633,0.5578592994674288,-1839928.1232948303,-0.02048,2025-12-03T18:57:05.004Z,https://coin-images.coingecko.com/coins/images/35021/large/USDT.png?1707233575,,,,,,,,,,,,,,,,,,,,,
weth,WETH,WETH,22,3124.08,8769966976,8769665648,41833423.0,3137.07,2977.07,2806002.330953814,2805905.919431396,,4950.08,-36.7227,2025-08-24T19:28:11.411Z,82.1,3715.03639,2018-12-15T00:00:00.000Z,108.04,3.58219,-0.16875719025809094,3.126195955829104,-13.540008320780492,-12.669603567668778,363062333.0,4.31862,2025-12-03T18:57:03.235Z,https://coin-images.coingecko.com/coins/images/2518/large/weth.png?1696503332,,,,,,,,,,,,,,,,,,,,,
leo-token,LEO,LEO Token,23,9.36,8632887848,9225002844,598076.0,9.63,9.28,922001031.9,985239504.0,,10.14,-7.5654,2025-03-10T09:26:43.294Z,0.799859,1071.24968,2019-12-24T15:14:35.376Z,-0.06755969163695674,-0.71651,-0.08457321596640871,-3.1751390661867287,-1.7863774669733983,4.884158763157032,-60732772.76719284,-0.69859,2025-12-03T18:57:08.354Z,https://coin-images.coingecko.com/coins/images/8418/large/leo-token.png?1696508607,,,,,,,,,,,,,,,,,,,,,
stellar,XLM,Stellar,24,0.256564,8305703435,12849267070,209908499.0,0.262177,0.252624,32320910663.02511,50001786883.67145,50001786883.67145,0.875563,-70.55666,2018-01-03T00:00:00.000Z,0.00047612,54044.57144,2015-03-05T00:00:00.000Z,0.00259413,1.02143,-0.7361376604284446,1.5155375454291349,-9.11943769943193,-49.56824529098092,97605937.0,1.18914,2025-12-03T18:57:01.164Z,https://coin-images.coingecko.com/coins/images/100/large/fmpFRHHQ_400x400.jpg?1735231350,,,,,,,,,,,,,,,,,,,,,
wrapped-eeth,WEETH,Wrapped eETH,25,3372.51,7986246253,7986246564,17772207.0,3398.3,3221.48,2359972.995833617,2359973.087855351,,5296.78,-35.84225,2025-08-24T19:25:19.771Z,1505.24,125.76509,2025-04-09T03:45:31.391Z,108.67,3.32948,-0.5247512694526658,5.8183260483615,-13.581184783534129,-9.989201631150678,285195610.0,3.70333,2025-12-03T18:57:02.745Z,https://coin-images.coingecko.com/coins/images/33033/large/weETH.png?1701438396,,,,,,,,,,,,,,,,,,,,,
monero,XMR,Monero,26,406.79,7512833940,7512833940,210475582.0,420.19,393.62,18446744.07370955,18446744.07370955,,542.33,-25.00055,2018-01-09T00:00:00.000Z,0.216177,188052.20259,2015-01-14T00:00:00.000Z,5.66,1.41157,-0.583231506505679,2.8132566247745285,19.162109408348098,131.3457088013602,128114967.0,1.73487,2025-12-03T18:57:09.176Z,https://coin-images.coingecko.com/coins/images/69/large/monero_logo.png?1696501460,,,,,,,,,,,,,,,,,,,,,
ethena-usde,USDE,Ethena USDe,27,0.999236,6881446578,6881446578,146601948.0,1.007,0.993551,6887188129.237126,6887188129.237126,,1.032,-3.10426,2023-12-20T15:38:34.596Z,0.929486,7.59103,2024-10-04T07:57:15.809Z,-0.000382495053493082,-0.03826,-0.06829142560184312,0.016031112189525288,-0.014464414226299311,-0.21624464210964817,-145457214.95825195,-2.07,2025-12-03T18:57:06.473Z,https://coin-images.coingecko.com/coins/images/33613/large/usde.png?1733810059,,,,,,,,,,,,,,,,,,,,,
coinbase-wrapped-btc,CBBTC,Coinbase Wrapped BTC,28,92441.0,6600670892,6600670892,542827172.0,93958.0,90901.0,71180.40224853,71180.40224853,,125954.0,-26.1178,2025-10-06T18:58:50.734Z,57439.0,62.01157,2024-09-12T14:07:41.775Z,531.54,0.57833,-0.7217345953228987,5.297939856112694,-13.335834141268279,-2.8769891539513694,-17181204.459705353,-0.25962,2025-12-03T18:57:05.594Z,https://coin-images.coingecko.com/coins/images/40143/large/cbbtc.webp?1726136727,,,,,,,,,,,,,,,,,,,,,
litecoin,LTC,Litecoin,29,85.51,6554920696,6555133598,636793226.0,85.78,82.35,76586189.48347135,76588676.98347135,84000000.0,410.26,-79.12526,2021-05-10T03:13:07.904Z,1.15,7354.52012,2015-01-14T00:00:00.000Z,2.83,3.42462,-0.04991561679196155,1.5560663872015938,-3.2547786947708124,-33.19882644177342,224253882.0,3.54234,2025-12-03T18:57:08.727Z,https://coin-images.coingecko.com/coins/images/2/large/litecoin.png?1696501400,,,,,,,,,,,,,,,,,,,,,
sui,SUI,Sui,30,1.67,6258055252,16746799719,1724507836.0,1.78,1.59,3736866360.651109,10000000000.0,10000000000.0,5.35,-68.57167,2025-01-04T22:56:18.063Z,0.364846,360.56014,2023-10-19T10:40:30.078Z,0.072015,4.51591,-1.5515793069181667,10.945363576929951,-20.551785503652727,-55.12478654849017,303040753.0,5.08883,2025-12-03T18:57:01.653Z,https://coin-images.coingecko.com/coins/images/26375/large/sui-ocean-square.png?1727791290,,,,,,,,,,,,,,,,,,,,,
hedera-hashgraph,HBAR,Hedera,31,0.14584,6204749138,7303777062,266582491.0,0.150025,0.143154,42476304284.74921,50000000000.0,50000000000.0,0.569229,-74.26686,2021-09-15T10:40:28.318Z,0.00986111,1385.43607,2020-01-02T17:30:24.852Z,0.00217931,1.51699,-0.41056915322365045,1.0323735151403166,-18.825070844299688,-56.77390803178564,93348625.0,1.52745,2025-12-03T18:57:07.322Z,https://coin-images.coingecko.com/coins/images/3688/large/hbar.png?1696504364,,,,,,,,,,,,,,,,,,,,,
avalanche-2,AVAX,Avalanche,32,14.4,6179262899,6635325665,525924806.0,14.48,13.6,429089113.4445761,460758192.9189383,720000000.0,144.96,-90.04033,2021-11-21T14:18:56.538Z,2.8,415.43468,2020-12-31T13:15:21.540Z,0.727633,5.32283,0.08844598652267995,2.1144752734716876,-13.909541529343944,-71.14334690822616,317998147.0,5.42542,2025-12-03T18:57:04.229Z,https://coin-images.coingecko.com/coins/images/12559/large/Avalanche_Circle_RedWhite_Trans.png?1696512369,,,,,,,,,,,,,,,,,,,,,
zcash,ZEC,Zcash,33,363.78,5967515315,5967614681,1560370080.0,375.47,303.31,16421628.2905448,16421901.7280448,21000000.0,3191.93,-88.33822,2016-10-29T00:00:00.000Z,16.08,2214.88131,2024-07-05T04:22:29.321Z,24.8,7.31552,2.3643176267153936,-29.342117903701233,-11.330306883137773,407.5618958456256,417231071.0,7.51729,2025-12-03T18:57:03.231Z,https://coin-images.coingecko.com/coins/images/486/large/circle-zcash-color.png?1696501740,,,,,,,,,,,,,,,,,,,,,
shiba-inu,SHIB,Shiba Inu,34,9.08e-06,5371953200,5374289477,259366414.0,9.42e-06,8.42e-06,589244387609318.6,589500651639993.5,,8.616e-05,-89.35201,2021-10-28T03:54:55.568Z,5.6366e-11,16275874.12789,2020-11-28T11:26:25.838Z,5.94713e-07,7.01278,-2.3834337121321627,7.5974356592709915,-3.272007667652715,-67.36790988640033,374916766.0,7.50278,2025-12-03T18:57:00.678Z,https://coin-images.coingecko.com/coins/images/11939/large/shiba.png?1696511800,,,,,,,,,,,,,,,,,,,,,
dai,DAI,Dai,35,0.998662,4358036531,4358036531,85207211.0,1.0,0.998194,4364262199.963547,4364262199.963547,,1.22,-18.03186,2020-03-13T03:02:50.373Z,0.88196,13.28574,2023-03-11T07:50:50.514Z,-0.000986903446292486,-0.09872,-0.06298934050112162,-0.14954211017859287,0.04422730066963399,-0.19256704324750898,15376727.0,0.35409,2025-12-03T18:57:05.844Z,https://coin-images.coingecko.com/coins/images/9956/large/Badge_Dai.png?1696509996,,,,,,,,,,,,,,,,,,,,,
world-liberty-financial,WLFI,World Liberty Financial,36,0.159292,4341069183,15934153014,127650374.0,0.164302,0.158926,27243802538.151154,100000000000.0,100000000000.0,0.331336,-51.77732,2025-09-01T12:20:09.597Z,0.104606,52.74408,2025-10-10T21:22:29.880Z,-0.000822478975529201,-0.51368,-0.09435820160457288,-1.2929392229521242,32.4754548628472,,-18335232.840248108,-0.42059,2025-12-03T18:57:02.700Z,https://coin-images.coingecko.com/coins/images/50767/large/wlfi.png?1756438915,,,,,,,,,,,,,,,,,,,,,
susds,SUSDS,sUSDS,37,1.073,4223883355,4223883355,39138573.0,1.092,1.06,3937939663.959292,3937939663.959292,,1.11,-2.46498,2025-10-10T21:52:27.019Z,0.961716,12.07358,2025-01-04T01:21:08.460Z,0.00066284,0.06183,-0.4780163085578863,-0.8076368038846916,-0.11939877468539828,,31739710.0,0.75712,2025-12-03T18:57:01.273Z,https://coin-images.coingecko.com/coins/images/52721/large/sUSDS_Coin.png?1734086971,,,,,,,,,,,,,,,,,,,,,
crypto-com-chain,CRO,Cronos,38,0.10974,4097559584,10777115350,21210989.0,0.111042,0.107873,37338507181.11469,98205136658.3799,100000000000.0,0.965407,-88.61335,2021-11-24T15:53:54.855Z,0.0121196,807.02302,2019-02-08T00:00:00.000Z,-0.00051320836425503,-0.46548,-0.4725600075422922,0.31166089021965226,-16.71289804203077,-42.12718106897885,-19039457.488627434,-0.4625,2025-12-03T18:57:05.705Z,https://coin-images.coingecko.com/coins/images/7310/large/cro_token_logo.png?1696507599,,,,,,,,,,,,,,,,,,,,,
the-open-network,TON,Toncoin,39,1.62,3951433091,8316570610,106855557.0,1.62,1.57,2445673041.895208,5147401479.910224,,8.25,-80.38306,2024-06-15T00:36:51.509Z,0.519364,211.74779,2021-09-21T00:33:11.092Z,0.02788143,1.75654,-0.18709179803550263,4.109450597681612,-22.736801501111366,-75.38713132323943,-1250208.048177719,-0.03163,2025-12-03T18:57:02.016Z,https://coin-images.coingecko.com/coins/images/17980/large/photo_2024-09-10_17.09.00.jpeg?1725963446,,,,,,,,,,,,,,,,,,,,,
paypal-usd,PYUSD,PayPal USD,41,0.999831,3813772535,3813772535,157364961.0,1.001,0.998775,3814379816.577314,3814379816.577314,,1.021,-2.04969,2023-10-23T22:44:57.056Z,0.959426,4.20973,2024-12-05T22:31:13.430Z,0.00087999,0.08809,0.027259908205844282,0.05334550588684978,0.008758668264634678,0.0705733363607474,-34223774.8805747,-0.88939,2025-12-03T18:57:00.703Z,https://coin-images.coingecko.com/coins/images/31212/large/PYUSD_Logo_%282%29.png?1696530039,,,,,,,,,,,,,,,,,,,,,
uniswap,UNI,Uniswap,40,6.04,3803312577,6037976961,375955284.0,6.17,5.89,629898491.0113912,1000000000.0,1000000000.0,44.92,-86.49456,2021-05-03T05:25:04.822Z,1.03,488.8716,2020-09-17T01:20:38.214Z,0.089491,1.50458,-0.5151636425470161,-2.186033792300726,14.071940600289077,-57.08727307882604,55226751.0,1.47347,2025-12-03T18:57:02.458Z,https://coin-images.coingecko.com/coins/images/12504/large/uniswap-logo.png?1720676669,,,,,,,,,,,,,,,,,,,,,
polkadot,DOT,Polkadot,42,2.31,3801994914,3801997132,217982355.0,2.33,2.23,1641688845.535832,1641689803.558802,,54.98,-95.77852,2021-11-04T14:10:09.301Z,1.98,17.36036,2025-12-01T15:50:20.422Z,0.062608,2.78343,-0.8163038961199351,1.428161846647991,-12.579341205451513,-75.59641827123085,109957274.0,2.97823,2025-12-03T18:56:59.797Z,https://coin-images.coingecko.com/coins/images/12171/large/polkadot.png?1696512008,,,,,,,,,,,,,,,,,,,,,
usdt0,USDT0,USDT0,43,1.0,3762613470,3750718546,342287483.0,1.001,0.999303,3762640534.096209,3750745524.378669,,1.052,-4.90829,2025-01-23T22:34:53.341Z,0.975737,2.5277,2025-02-28T01:35:58.101Z,0.00051855,0.05186,0.0501821117009712,0.0572411765956296,0.05194448514746547,,6424308.0,0.17103,2025-12-03T18:57:02.812Z,https://coin-images.coingecko.com/coins/images/53705/large/usdt0.jpg?1737086183,,,,,,,,,,,,,,,,,,,,,
ethena-staked-usde,SUSDE,Ethena Staked USDe,44,1.21,3759031034,3759031034,79801967.0,1.21,1.21,3113392285.606074,3113392285.606074,,1.29,-6.45593,2025-01-29T17:52:32.991Z,1.012,19.29408,2024-04-03T14:23:03.162Z,0.00027038,0.0224,-0.00534835811045535,0.1147650755944018,0.4141125367921053,6.756773366096966,-23613873.51260376,-0.62427,2025-12-03T18:57:06.378Z,https://coin-images.coingecko.com/coins/images/33669/large/sUSDe-Symbol-Color.png?1716307680,,,,,,,,,,,,,,,,,,,,,
mantle,MNT,Mantle,45,1.072,3496048514,6684109184,116580783.0,1.082,1.02,3252944055.636841,6219316794.89,6219316794.89,2.86,-62.26032,2025-10-09T01:04:46.659Z,0.307978,249.85963,2023-10-18T02:50:46.942Z,0.03771773,3.64525,-0.5191481874647027,3.5633615532695337,-13.442310996196177,22.43021139015962,121897812.0,3.6127,2025-12-03T18:57:08.662Z,https://coin-images.coingecko.com/coins/images/30980/large/Mantle-Logo-mark.png?1739213200,,,,,,,,,,,,,,,,,,,,,
aave,AAVE,Aave,46,194.31,2948406234,3111539194,297032904.0,195.23,185.49,15161145.914515195,16000000.0,16000000.0,661.69,-70.52948,2021-05-18T21:19:59.514Z,26.02,649.34625,2020-11-05T09:20:11.928Z,6.64,3.53766,0.028052441135814603,8.137191368892788,-4.078386642491797,-19.90752240101581,102107675.0,3.58738,2025-12-03T18:57:03.470Z,https://coin-images.coingecko.com/coins/images/12645/large/aave-token-round.png?1720472354,,,,,,,,,,,,,,,,,,,,,
canton-network,CC,Canton,47,0.078409,2804523534,2804523534,16306868.0,0.081832,0.074788,35694385506.95414,35694385506.95414,,0.159483,-50.57606,2025-11-10T09:46:17.203Z,0.073234,7.63169,2025-11-21T11:40:55.987Z,-0.000919780408884865,-1.15946,-1.9576839894638556,-8.31433508542375,,,-34556974.55558586,-1.21719,2025-12-03T18:57:04.929Z,https://coin-images.coingecko.com/coins/images/70468/large/Canton-Ticker_%281%29.png?1762826299,,,,,,,,,,,,,,,,,,,,,
bittensor,TAO,Bittensor,48,286.33,2755553289,6029348616,142031748.0,289.51,274.42,9597491.0,21000000.0,21000000.0,757.6,-61.91576,2024-03-07T18:45:36.466Z,30.83,835.86898,2023-05-14T08:57:53.732Z,-0.34809345794207047,-0.12142,-0.7723805987107737,-6.641294859827178,-40.96606420077188,-51.62799663252472,861440.0,0.03127,2025-12-03T18:57:04.598Z,https://coin-images.coingecko.com/coins/images/28452/large/ARUsPeNQ_400x400.jpeg?1696527447,,,,,,,,,,,,,,,,,,,,,
usd1-wlfi,USD1,USD1,49,0.999226,2689263563,2689263563,316743805.0,0.99967,0.99868,2691479372.905328,2691479372.905328,,1.025,-2.46306,2025-05-12T12:36:39.412Z,0.989633,1.00555,2025-10-01T08:51:32.103Z,-7.1425637710121e-05,-0.00715,-0.029798953859121447,-0.03985273808401112,0.030968413866687503,,-24494284.94545698,-0.9026,2025-12-03T18:57:02.551Z,https://coin-images.coingecko.com/coins/images/54977/large/USD1_1000x1000_transparent.png?1749297002,,,,,,,,,,,,,,,,,,,,,
bitget-token,BGB,Bitget Token,50,3.59,2512269844,3301849350,62091209.0,3.67,3.57,699992035.9787906,919992035.9787906,2000000000.0,8.45,-57.47048,2024-12-27T11:41:24.992Z,0.0142795,25068.12016,2020-06-25T04:17:05.895Z,0.00747477,0.20882,-0.3010387372219767,-0.658062310022261,-12.194934067646841,130.40036948663345,9248698.0,0.3695,2025-12-03T18:57:04.439Z,https://coin-images.coingecko.com/coins/images/11610/large/Bitget_logo.png?1736925727,,,,,,,,,,,,,,,,,,,,,
near,NEAR,NEAR Protocol,51,1.81,2326030937,2326030897,236759071.0,1.84,1.77,1281552824.0,1281552802.0,,20.44,-91.07871,2022-01-16T22:09:45.873Z,0.526762,246.14144,2020-11-04T16:09:15.137Z,-0.006031844998438673,-0.33141,0.08614324307167975,-6.4477837181883935,-7.446895572368151,-74.18741486605327,-6779373.36853075,-0.29061,2025-12-03T18:56:58.656Z,https://coin-images.coingecko.com/coins/images/10365/large/near.jpg?1696510367,,,,,,,,,,,,,,,,,,,,,
blackrock-usd-institutional-digital-liquidity-fund,BUIDL,BlackRock USD Institutional Digital Liquidity Fund,52,1.0,2319151973,2319151973,0.0,1.0,1.0,2319151973.140449,2319151973.140449,,1.0,0.0,2025-02-12T05:00:10.912Z,1.0,0.0,2025-02-12T05:45:10.196Z,0.0,0.0,0.0,0.0,0.0,,352919.0,0.01522,2025-12-03T18:55:01.605Z,https://coin-images.coingecko.com/coins/images/36291/large/blackrock.png?1711013223,,,,,,,,,,,,,,,,,,,,,
memecore,M,MemeCore,53,1.32,2262064491,7027825986,36464524.0,1.4,1.29,1708736825.276548,5308736824.835824,10000000000.0,2.96,-55.18091,2025-09-18T07:27:06.144Z,0.04746135,2694.05265,2025-07-04T03:56:17.448Z,-0.05703670696081731,-4.13438,1.47227688814169,-29.014427681599734,-45.40985744424673,,-94738926.48583841,-4.01981,2025-12-03T18:57:08.771Z,https://coin-images.coingecko.com/coins/images/53247/large/square-bg-transparent.png?1752637478,,,,,,,,,,,,,,,,,,,,,
okb,OKB,OKB,54,105.4,2213597581,2213597581,40956130.0,108.16,103.76,21000000.0,21000000.0,21000000.0,255.5,-58.55297,2025-08-22T01:50:26.131Z,0.580608,18139.17915,2019-01-14T00:00:00.000Z,-0.6933105116640803,-0.65351,-0.514754351446121,-3.792678652589485,-21.672203642769368,97.38397547486845,-13704949.37936449,-0.61532,2025-12-03T18:57:09.786Z,https://coin-images.coingecko.com/coins/images/4463/large/WeChat_Image_20220118095654.png?1696505053,,,,,,,,,,,,,,,,,,,,,
tether-gold,XAUT,Tether Gold,55,4194.8,2195680347,2195680347,354076038.0,4229.16,4181.77,522089.3,522089.3,,4392.88,-4.27586,2025-10-17T05:01:31.881Z,1447.84,190.43568,2020-03-19T13:45:41.821Z,13.03,0.31171,-0.4174147911492031,1.1712067938481014,5.022474807145001,58.086252756161805,11501307.0,0.52657,2025-12-03T18:57:01.654Z,https://coin-images.coingecko.com/coins/images/10481/large/Tether_Gold.png?1696510471,,,,,,,,,,,,,,,,,,,,,
falcon-finance,USDF,Falcon USD,56,0.999292,2188736033,2188736033,304332.0,1.003,0.996673,2190762162.590258,2190762162.590258,,1.075,-7.01997,2025-05-08T21:25:42.071Z,0.943422,5.90665,2025-07-08T10:16:34.749Z,0.00059144,0.05922,0.03896397644566048,0.053021682946869014,0.2439116593831957,,4516301.0,0.20677,2025-12-03T18:57:06.480Z,https://coin-images.coingecko.com/coins/images/54558/large/ff_200_X_200.png?1740741076,,,,,,,,,,,,,,,,,,,,,
ethereum-classic,ETC,Ethereum Classic,57,14.08,2178465333,2178465333,56679250.0,14.15,13.54,154572888.1451571,154572888.1451571,210700000.0,167.09,-91.54519,2021-05-06T18:34:22.133Z,0.615038,2196.89026,2016-07-25T00:00:00.000Z,0.341678,2.48744,0.04991590971966394,2.5219436586317427,-6.376587264568337,-55.945373768782915,54737190.0,2.57741,2025-12-03T18:57:06.527Z,https://coin-images.coingecko.com/coins/images/453/large/ethereum-classic-logo.png?1696501717,,,,,,,,,,,,,,,,,,,,,
ethena,ENA,Ethena,58,0.289012,2153942795,4352315477,391490954.0,0.294515,0.261093,7423437500.0,15000000000.0,15000000000.0,1.52,-80.7693,2024-04-11T13:15:15.057Z,0.195078,49.61441,2024-09-06T21:04:48.253Z,0.02414167,9.11451,-1.4645571222179512,4.134623040940373,-14.87285332301022,-64.22067684760324,188500610.0,9.59075,2025-12-03T18:57:06.442Z,https://coin-images.coingecko.com/coins/images/36530/large/ethena.png?1711701436,,,,,,,,,,,,,,,,,,,,,
aster-2,ASTER,Aster,59,1.053,2130271278,8446335047,345771718.0,1.08,1.001,2017700000.0,8000000000.0,8000000000.0,2.41,-56.03838,2025-09-24T11:18:14.634Z,0.099713,961.96223,2025-09-17T12:05:36.771Z,0.03723796,3.66441,-0.8694819867245644,-1.9098033400436274,9.155320829022125,,80525463.0,3.92856,2025-12-03T18:57:03.963Z,https://coin-images.coingecko.com/coins/images/69040/large/_ASTER.png?1757326782,,,,,,,,,,,,,,,,,,,,,
internet-computer,ICP,Internet Computer,60,3.71,2010393776,2010393776,131695098.0,3.87,3.63,541495875.7796003,541495875.7796003,,700.65,-99.46844,2021-05-10T16:05:53.653Z,2.23,66.89399,2025-10-10T21:26:36.019Z,-0.15893054345477076,-4.10782,0.8829676950562421,-10.600345987770211,-6.510434282295424,-72.82352985257948,-84707194.42739105,-4.04311,2025-12-03T18:57:07.864Z,https://coin-images.coingecko.com/coins/images/14495/large/Internet_Computer_logo.png?1696514180,,,,,,,,,,,,,,,,,,,,,
pepe,PEPE,Pepe,61,4.76e-06,2006412139,2006412139,485321944.0,4.81e-06,4.48e-06,420690000000000.0,420690000000000.0,420690000000000.0,2.803e-05,-82.91909,2024-12-09T16:30:35.828Z,5.5142e-08,8582.01405,2023-04-18T02:14:41.591Z,2.51254e-07,5.57853,-1.1046477216851658,2.087448973281832,-18.55956302077532,-75.68275993080236,109591921.0,5.77767,2025-12-03T18:56:59.629Z,https://coin-images.coingecko.com/coins/images/29850/large/pepe-token.jpeg?1696528776,,,,,,,,,,,,,,,,,,,,,
jito-staked-sol,JITOSOL,Jito Staked SOL,62,176.04,1997547241,1997547316,25634796.0,179.14,171.94,11315665.83478334,11315666.25567798,,339.52,-48.05199,2025-01-19T11:21:54.080Z,0.57898,30362.9192,2023-09-12T10:21:17.665Z,1.68,0.96142,-0.4624954853580634,3.401792628189446,-15.711844565636094,-31.61756264005877,21459354.0,1.08595,2025-12-03T18:57:07.944Z,https://coin-images.coingecko.com/coins/images/28046/large/JitoSOL-200.png?1696527060,,,,,,,,,,,,,,,,,,,,,
pi-network,PI,Pi Network,63,0.230266,1921743042,2956527757,20390982.0,0.236747,0.229359,8344236037.303641,12837286211.23637,100000000000.0,2.99,-92.27561,2025-02-26T16:41:03.732Z,0.172081,34.10821,2025-10-10T21:25:41.582Z,-0.005302636019186735,-2.25099,-0.22313936232991258,-9.545891283063066,-0.061913084838282804,,-43452796.56225896,-2.21112,2025-12-03T18:56:59.306Z,https://coin-images.coingecko.com/coins/images/54342/large/pi_network.jpg?1739347576,,,,,,,,,,,,,,,,,,,,,
rain,RAIN,Rain,64,0.00800428,1904532525,9215697204,25374450.0,0.00819741,0.00779573,237652295828.7494,1149957571880.617,1150000000000.0,0.00823862,-2.54971,2025-11-24T18:21:22.424Z,0.00222126,261.44178,2025-09-14T08:56:57.416Z,6.56175e-07,0.0082,-0.12949204827765226,6.109727369189542,142.26344509041732,,1759274.0,0.09246,2025-12-03T18:56:59.826Z,https://coin-images.coingecko.com/coins/images/69134/large/Rain_logo_1_.png?1762952191,,,,,,,,,,,,,,,,,,,,,
binance-peg-weth,WETH,Binance-Peg WETH,65,3123.68,1891466352,1891466352,78188148.0,3135.76,2976.08,604999.9999588211,604999.9999588211,,4955.78,-36.68265,2025-08-24T19:14:00.505Z,1394.32,125.04679,2025-04-09T01:32:41.942Z,111.09,3.68741,-0.2863441656292653,6.2688597917057765,-13.59885964248926,-12.147182036863011,68841525.0,3.77705,2025-12-03T18:57:04.780Z,https://coin-images.coingecko.com/coins/images/39580/large/weth.png?1723006716,,,,,,,,,,,,,,,,,,,,,
pump-fun,PUMP,Pump.fun,66,0.00317157,1877864475,3182787133,187766844.0,0.00336907,0.00311768,590000000000.0,999989314070.5562,1000000000000.0,0.00881908,-63.81218,2025-09-14T16:42:40.248Z,0.00228323,39.77744,2025-07-29T11:15:43.983Z,-4.9234028284935e-05,-1.52863,-0.5319789891032126,7.675698653815621,-17.647531737459854,,-31710370.81456089,-1.6606,2025-12-03T18:56:59.738Z,https://coin-images.coingecko.com/coins/images/67164/large/pump.jpg?1751949376,,,,,,,,,,,,,,,,,,,,,
wrapped-solana,SOL,Wrapped SOL,67,141.28,1782840986,1782840986,793214188.0,143.85,138.02,12614614.81819206,12614614.81819206,,290.3,-51.24279,2025-01-19T11:20:39.814Z,8.11,1645.16542,2022-12-29T20:45:41.226Z,1.45,1.03839,-0.5449401369996261,3.1351077302376162,-16.16254185979159,-36.65417114897388,-14545077.070755482,-0.80923,2025-12-03T18:57:03.271Z,https://coin-images.coingecko.com/coins/images/21629/large/solana.jpg?1696520989,,,,,,,,,,,,,,,,,,,,,
jupiter-perpetuals-liquidity-provider-token,JLP,Jupiter Perpetuals Liquidity Provider Token,68,4.79,1746480746,1746472778,39617187.0,4.82,4.71,364357560.870318,364355898.592641,,5.99,-19.85837,2025-10-06T17:35:59.480Z,0.146839,3167.87669,2023-11-24T05:55:06.706Z,0.04164599,0.87771,-0.21859248597434905,1.238717078191199,-7.51026159597478,16.14908723897937,13746489.0,0.79334,2025-12-03T18:57:07.957Z,https://coin-images.coingecko.com/coins/images/33094/large/jlp.png?1700631386,,,,,,,,,,,,,,,,,,,,,
ondo-finance,ONDO,Ondo,69,0.507658,1607844322,5089552373,91581034.0,0.518532,0.498654,3159107529.0,10000000000.0,10000000000.0,2.14,-76.14904,2024-12-16T00:36:00.777Z,0.082171,521.20196,2024-01-18T12:14:30.524Z,-0.000956308825473595,-0.18802,-0.24924018565440653,-1.1069764952685097,-19.389535124750402,-69.49330876383584,4243873.0,0.26465,2025-12-03T18:56:58.971Z,https://coin-images.coingecko.com/coins/images/26580/large/ONDO.png?1696525656,,,,,,,,,,,,,,,,,,,,,
htx-dao,HTX,HTX DAO,70,1.7e-06,1584743151,1584743151,11559916.0,1.72e-06,1.7e-06,930149437822426.1,930149437822426.1,999990000000000.0,3.75e-06,-54.57311,2024-12-04T00:16:20.770Z,8.00816e-07,112.80645,2024-08-05T13:31:33.427Z,-1.5371992832e-08,-0.89419,-0.07351589042274129,-1.3221588308326755,-5.013891057687842,-36.69758535934466,-15065474.760620594,-0.9417,2025-12-03T18:57:07.398Z,https://coin-images.coingecko.com/coins/images/35491/large/Frame_1321318576.png?1708908626,,,,,,,,,,,,,,,,,,,,,
kaspa,KAS,Kaspa,71,0.056005,1507046932,1518504212,49102608.0,0.058875,0.053936,26777148610.50726,26980721097.64522,28704026601.0,0.207411,-72.84483,2024-08-01T00:40:47.164Z,0.00017105,32827.76896,2022-05-26T14:42:59.316Z,-0.000646149085481613,-1.14057,-0.5187261526797549,3.9588725884536666,17.37380230439922,-63.40371223459667,-12566874.66315198,-0.82698,2025-12-03T18:57:08.004Z,https://coin-images.coingecko.com/coins/images/25751/large/kaspa-icon-exchanges.png?1696524837,,,,,,,,,,,,,,,,,,,,,
worldcoin-wld,WLD,Worldcoin,72,0.631302,1495573412,6322540194,129774472.0,0.6443,0.623756,2365462877.347428,10000000000.0,10000000000.0,11.74,-94.6034,2024-03-10T00:10:42.330Z,0.557914,13.56485,2025-12-01T19:35:12.590Z,-0.011827262653144599,-1.83902,-0.30168438825465554,0.1716771646605029,-14.578266247204613,-79.56461953592958,-27443740.144432545,-1.80193,2025-12-03T18:57:02.782Z,https://coin-images.coingecko.com/coins/images/31069/large/worldcoin.jpeg?1696529903,,,,,,,,,,,,,,,,,,,,,
aptos,APT,Aptos,73,2.0,1471753032,2375311485,264762675.0,2.02,1.95,735464248.8221346,1186990370.994814,,19.92,-89.92819,2023-01-26T14:25:17.390Z,1.82,10.38965,2025-12-01T07:02:45.405Z,0.00820088,0.41189,0.0058790790913238284,-9.045032542692013,-31.113073846305145,-85.45019073612067,7673683.0,0.52413,2025-12-03T18:57:03.932Z,https://coin-images.coingecko.com/coins/images/26455/large/Aptos-Network-Symbol-Black-RGB-1x.png?1761789140,,,,,,,,,,,,,,,,,,,,,
pax-gold,PAXG,PAX Gold,74,4208.83,1422879213,1427937353,181922054.0,4242.8,4189.17,337758.726,338959.412,,4448.72,-5.30776,2025-10-16T23:50:09.513Z,1399.64,200.97649,2019-11-18T03:09:35.959Z,19.66,0.46934,-0.23673441646088092,1.0995974506605555,5.214205664509714,58.866852121099555,8070142.0,0.5704,2025-12-03T18:56:59.426Z,https://coin-images.coingecko.com/coins/images/9519/large/paxgold.png?1696509604,,,,,,,,,,,,,,,,,,,,,
syrupusdc,SYRUPUSDC,syrupUSDC,75,1.14,1416962893,1416962893,43362468.0,1.14,1.14,1243173161.435899,1243173161.435899,,1.14,-0.42251,2025-11-24T04:11:48.401Z,1.055,8.08608,2025-08-01T06:27:19.933Z,0.00041439,0.03637,0.003771549926017146,0.12936799980884664,0.5033890847769629,,22033566.0,1.57955,2025-12-03T18:57:01.403Z,https://coin-images.coingecko.com/coins/images/54658/large/syrupUSDC.png?1761824955,,,,,,,,,,,,,,,,,,,,,
quant-network,QNT,Quant,76,94.45,1375129306,1381588557,33036700.0,98.63,94.08,14544176.164081175,14612493.0,14612493.0,427.42,-77.76869,2021-09-11T09:15:00.668Z,0.215773,43937.69431,2018-08-23T00:00:00.000Z,-3.942971669277327,-4.00735,-0.05667533232806398,10.656070001539621,25.565611025712126,-33.23652910331118,-55981792.28762436,-3.91177,2025-12-03T18:56:59.830Z,https://coin-images.coingecko.com/coins/images/3370/large/5ZOu7brX_400x400.jpg?1696504070,,,,,,,,,,,,,,,,,,,,,
kucoin-shares,KCS,KuCoin,77,10.46,1358797093,1489777847,8183664.0,10.5,10.03,129675261.7355671,142175261.7355671,,28.83,-63.61333,2021-12-01T15:09:35.541Z,0.342863,2959.59927,2019-02-07T00:00:00.000Z,0.083436,0.80437,0.08799869028107116,-11.876222336369185,-16.518844513458973,-14.75271614508996,14193485.0,1.05559,2025-12-03T18:57:08.141Z,https://coin-images.coingecko.com/coins/images/1047/large/sa9z79.png?1696502152,,,,,,,,,,,,,,,,,,,,,
polygon-ecosystem-token,POL,POL (ex-MATIC),78,0.127292,1344054605,1344054605,91689900.0,0.131615,0.126034,10546973471.49203,10546973471.49203,,1.29,-90.06216,2024-03-13T18:55:06.692Z,0.117067,9.30167,2025-12-02T03:35:58.502Z,-0.004298725309686446,-3.26673,-0.33531822356486546,-4.916133825255432,-26.038837912560282,-81.35082454020791,-44708232.07383251,-3.21928,2025-12-03T18:56:59.619Z,https://coin-images.coingecko.com/coins/images/32440/large/pol.png?1759114181,,,,,,,,,,,,,,,,,,,,,
rocket-pool-eth,RETH,Rocket Pool ETH,79,3585.7,1320683542,1320677120,4847400.0,3604.96,3417.78,367890.0802696715,367888.2912880517,,5618.08,-35.92457,2025-08-24T19:25:20.811Z,887.26,305.7205,2022-06-18T20:55:45.957Z,128.46,3.71576,-0.1753877068688039,5.98072958318053,-13.622277620289127,-9.914114166586154,46781988.0,3.67234,2025-12-03T18:57:00.178Z,https://coin-images.coingecko.com/coins/images/20764/large/reth.png?1696520159,,,,,,,,,,,,,,,,,,,,,
bfusd,BFUSD,BFUSD,80,0.99942,1319240565,1319240565,33259925.0,0.999643,0.999008,1320000000.0,1320000000.0,,1.007,-0.7435,2025-10-10T21:40:40.468Z,0.99712,0.23246,2025-11-07T12:33:03.134Z,8.82e-06,0.00088,-0.003140506322944059,0.021254738726824127,-0.04398486186785438,,18006.47,0.00136,2025-12-03T18:57:04.298Z,https://coin-images.coingecko.com/coins/images/68227/large/bfusd.png?1755132827,,,,,,,,,,,,,,,,,,,,,
binance-bridged-usdc-bnb-smart-chain,USDC,Binance Bridged USDC (BNB Smart Chain),81,0.999963,1288715657,1288715657,184761254.0,1.001,0.999357,1288999879.839804,1288999879.839804,,1.031,-3.02431,2024-03-05T20:15:29.285Z,0.942892,6.04376,2024-12-05T22:30:25.440Z,0.00023516,0.02352,0.02386201624080181,0.01182875488744361,0.04037260530194554,0.5517404297813779,-23852.93546485901,-0.00185,2025-12-03T18:57:04.594Z,https://coin-images.coingecko.com/coins/images/35220/large/USDC.jpg?1707919050,,,,,,,,,,,,,,,,,,,,,
global-dollar,USDG,Global Dollar,82,0.999823,1270202968,1270202968,28997436.0,1.0,0.999668,1270490294.780325,1270490294.780325,,1.65,-39.56329,2025-01-30T00:11:05.728Z,0.907561,10.17823,2024-11-11T23:55:50.604Z,-0.000134573752465172,-0.01346,0.002875623968123561,-0.0012017565417768055,-0.010378988068744873,0.040868388276276923,12772457.0,1.01576,2025-12-03T18:57:06.931Z,https://coin-images.coingecko.com/coins/images/51281/large/GDN_USDG_Token_200x200.png?1730484111,,,,,,,,,,,,,,,,,,,,,
ripple-usd,RLUSD,Ripple USD,83,0.999731,1260085341,1260085341,59069725.0,1.0,0.998656,1260728083.971249,1260728083.971249,,1.073,-6.81567,2024-12-26T10:45:52.337Z,0.962292,3.88722,2024-12-18T04:40:40.880Z,-0.000230094232604561,-0.02301,0.025745066182269228,0.00022927288617838925,0.01974995854707656,,-927956.6422708035,-0.07359,2025-12-03T18:56:59.534Z,https://coin-images.coingecko.com/coins/images/39651/large/RLUSD_200x200_%281%29.png?1727376633,,,,,,,,,,,,,,,,,,,,,
sky,SKY,Sky,84,0.054666,1255019513,1284630482,30131346.0,0.058366,0.053853,22921846392.88246,23462665147.36596,23462665147.3,0.100535,-45.33374,2024-12-04T10:13:57.264Z,0.03582727,53.39949,2025-02-03T05:01:48.626Z,-0.001829493393808952,-3.23831,-0.10967274304073994,24.388720344055727,-0.3993865274400421,-39.01975617541162,-40953349.002428055,-3.16005,2025-12-03T18:57:00.824Z,https://coin-images.coingecko.com/coins/images/39925/large/sky.jpg?1724827980,,,,,,,,,,,,,,,,,,,,,
wbnb,WBNB,Wrapped BNB,85,902.08,1253827542,1253827542,436663145.0,908.44,873.0,1389930.545757045,1389930.545757045,,1372.03,-34.10297,2025-10-13T08:47:24.374Z,23.6,3730.55211,2020-09-24T13:48:40.532Z,21.44,2.43518,-0.5660707465063337,3.8154863786114235,-9.378984873382079,36.65100093345532,26114787.0,2.12711,2025-12-03T18:57:03.356Z,https://coin-images.coingecko.com/coins/images/12591/large/binance-coin-logo.png?1696512401,,,,,,,,,,,,,,,,,,,,,
algorand,ALGO,Algorand,86,0.141765,1249606404,1249608184,58766479.0,0.142653,0.137643,8810860751.513697,8810873306.679016,10000000000.0,3.56,-96.0049,2019-06-20T14:51:19.480Z,0.087513,62.57109,2023-09-11T19:42:08.247Z,0.00286312,2.06125,0.20415913762129012,-2.940607249243434,-11.891322682043208,-73.8215507906805,26560245.0,2.17165,2025-12-03T18:57:03.554Z,https://coin-images.coingecko.com/coins/images/4380/large/download.png?1696504978,,,,,,,,,,,,,,,,,,,,,
arbitrum,ARB,Arbitrum,87,0.220078,1239253190,2205803419,132687841.0,0.221416,0.210703,5618148833.0,10000000000.0,10000000000.0,2.39,-90.74351,2024-01-12T12:29:59.231Z,0.186907,18.37758,2025-12-01T17:41:29.848Z,0.00498801,2.31903,0.08342026167169578,0.03259129480780474,-18.914848044647083,-78.04554702207928,29109789.0,2.40548,2025-12-03T18:57:04.006Z,https://coin-images.coingecko.com/coins/images/16547/large/arb.jpg?1721358242,,,,,,,,,,,,,,,,,,,,,
gatechain-token,GT,Gate,88,10.47,1230249945,3145226805,6897779.0,10.64,10.23,117344473.53114802,300000000.0,,25.94,-59.53257,2025-01-25T03:07:37.823Z,0.25754,3975.87466,2020-03-13T02:18:02.481Z,0.178739,1.73618,0.559036031296354,-0.08377841572190929,-12.601953761799756,-7.015260227252909,16431345.0,1.35369,2025-12-03T18:57:06.827Z,https://coin-images.coingecko.com/coins/images/8183/large/200X200.png?1735246724,,,,,,,,,,,,,,,,,,,,,
hashnote-usyc,USYC,Circle USYC,89,1.11,1211684729,1211684729,110818.0,1.11,1.11,1093402304.339055,1093402304.339055,,1.12,-0.7736,2025-03-04T19:26:50.778Z,1.026,7.99905,2024-12-05T22:31:20.475Z,9.06e-05,0.00818,-0.00019734487210050944,0.07314405853039073,0.3435435421230202,3.5908664737690734,-132932.5822443962,-0.01097,2025-12-03T18:57:07.184Z,https://coin-images.coingecko.com/coins/images/51054/large/Hashnote_SDYC_200x200.png?1730370965,,,,,,,,,,,,,,,,,,,,,
official-trump,TRUMP,Official Trump,90,6.03,1207712853,6038565079,281207367.0,6.08,5.96,199999973.087224,1000000000.0,1000000000.0,73.43,-91.76564,2025-01-19T11:50:34.806Z,4.29,40.92283,2025-01-18T03:40:29.231Z,0.00284265,0.04714,-0.2875149929430204,-2.142190823510431,-19.022828884113803,,1888420.0,0.15661,2025-12-03T18:56:58.900Z,https://coin-images.coingecko.com/coins/images/53746/large/trump.png?1737171561,,,,,,,,,,,,,,,,,,,,,
hash-2,HASH,Provenance Blockchain,91,0.02308132,1195981745,2308132227,1292.41,0.02637029,0.02182313,51815997843.0,100000000000.0,100000000000.0,0.060147,-61.66858,2025-09-14T16:52:41.627Z,0.01378736,67.21966,2025-06-04T11:15:56.153Z,-0.000729164165115065,-3.06237,0.0033783039218182316,-3.54413686323853,-19.060271300509278,,-36850856.30444026,-2.98912,2025-12-03T18:57:08.030Z,https://coin-images.coingecko.com/coins/images/66154/large/Hastra_Icon.png?1748497203,,,,,,,,,,,,,,,,,,,,,
syrupusdt,SYRUPUSDT,syrupUSDT,92,1.11,1191876749,1191876749,494021.0,1.11,1.11,1077538469.494502,1077538469.494502,,1.11,-0.18392,2025-12-02T22:23:24.111Z,1.093,1.16478,2025-09-30T09:40:48.362Z,-1.5669638428584e-05,-0.00142,-0.0005617994362188682,0.16108311268879705,0.5041027497129792,,89690266.0,8.13749,2025-12-03T18:57:01.354Z,https://coin-images.coingecko.com/coins/images/69514/large/syrupUSDT.png?1761824990,,,,,,,,,,,,,,,,,,,,,
binance-staked-sol,BNSOL,Binance Staked SOL,93,152.81,1186423132,1186423132,3521636.0,156.06,149.67,7748992.21676338,7748992.21676338,,297.96,-48.38343,2025-01-19T11:30:53.744Z,100.21,53.47162,2025-04-07T06:56:20.488Z,1.16,0.76371,-0.8090391446729366,2.887398364982916,-15.90432855027801,-32.64698262211814,9502557.0,0.80741,2025-12-03T18:57:04.356Z,https://coin-images.coingecko.com/coins/images/40132/large/bnsol.png?1725968367,,,,,,,,,,,,,,,,,,,,,
vechain,VET,VeChain,94,0.01351138,1163160711,1163160711,25059204.0,0.01357439,0.01314646,85985041177.0,85985041177.0,86712634466.0,0.280991,-95.1691,2021-04-19T01:08:21.675Z,0.00191713,608.05689,2020-03-13T02:29:59.652Z,0.00012864,0.96127,0.06769951493476557,-2.7466603906160505,-8.484492911385914,-78.47464147534437,11589788.0,1.00643,2025-12-03T18:57:02.332Z,https://coin-images.coingecko.com/coins/images/1167/large/VET.png?1742383283,,,,,,,,,,,,,,,,,,,,,
filecoin,FIL,Filecoin,95,1.58,1138979963,3088484692,165557981.0,1.59,1.53,722344676.0,1958726709.0,,236.84,-99.32944,2021-04-01T13:29:41.564Z,0.848008,87.2774,2025-10-10T21:26:46.200Z,0.03409384,2.21084,-0.15223923328564606,-6.680011276077262,5.327275238221753,-77.33939155214333,24656650.0,2.2127,2025-12-03T18:57:06.666Z,https://coin-images.coingecko.com/coins/images/12817/large/filecoin.png?1696512609,,,,,,,,,,,,,,,,,,,,,
cosmos,ATOM,Cosmos Hub,96,2.36,1138150484,1138150484,46499851.0,2.41,2.33,481129538.215447,481129538.215447,,44.45,-94.65466,2022-01-17T00:34:41.497Z,1.16,104.80855,2020-03-13T02:27:44.591Z,-0.04118268664271385,-1.71441,-0.265017099119924,-3.9997460018745628,-11.40049488461021,-74.28047963319301,-16957997.295946836,-1.46809,2025-12-03T18:57:05.684Z,https://coin-images.coingecko.com/coins/images/1481/large/cosmos_hub.png?1696502525,,,,,,,,,,,,,,,,,,,,,
kelp-dao-restaked-eth,RSETH,Kelp DAO Restaked ETH,97,3308.78,1129067289,1129067289,174084.0,3319.79,3149.59,341207.1082064063,341207.1082064063,,5190.42,-35.95506,2025-08-24T19:13:49.359Z,1029.61,222.86091,2025-09-02T07:53:14.684Z,116.11,3.63689,-0.1849001154246225,6.141279948987401,-13.367953711989115,-9.649546468469753,33627216.0,3.06974,2025-12-03T18:57:08.063Z,https://coin-images.coingecko.com/coins/images/33800/large/Icon___Dark.png?1702991855,,,,,,,,,,,,,,,,,,,,,
flare-networks,FLR,Flare,98,0.01374528,1103596046,1438418299,6549622.0,0.01431991,0.01362915,80111900717.78465,104417213547.3348,,0.150073,-90.79837,2023-01-10T03:14:05.921Z,0.00827405,66.89718,2023-10-19T03:35:41.663Z,-0.000245272334849745,-1.75313,0.6888147561759447,2.6900721678305706,-6.549917674164132,-58.083959020965196,1142346.0,0.10362,2025-12-03T18:57:06.631Z,https://coin-images.coingecko.com/coins/images/28624/large/FLR-icon200x200.png?1696527609,,,,,,,,,,,,,,,,,,,,,
ignition-fbtc,FBTC,Function FBTC,99,92992.0,1090259121,1090259121,256485.0,94468.0,90392.0,11704.60459044,11704.60459044,,127954.0,-26.85842,2025-10-06T12:50:40.428Z,11469.83,715.94645,2024-09-10T18:18:02.102Z,1701.41,1.86373,-0.5700172824841806,9.047614628005269,-12.303022969648039,-1.8571784504335855,16743250.0,1.55966,2025-12-03T18:57:07.541Z,https://coin-images.coingecko.com/coins/images/39182/large/Function_Token_%282%29.png?1760254065,,,,,,,,,,,,,,,,,,,,,
usdtb,USDTB,USDtb,101,1.001,1049235491,1049235491,3214675.0,1.004,0.998471,1048401506.326182,1048401506.326182,,1.057,-5.38972,2025-09-20T13:20:33.315Z,0.900502,11.05425,2025-07-17T08:05:52.672Z,0.00023465,0.02345,0.10690087206130083,0.08079884524843894,0.040031574551081694,,-299904905.5071387,-22.22933,2025-12-03T18:57:02.124Z,https://coin-images.coingecko.com/coins/images/52804/large/76357aa8-4ef7-446c-bad3-a3f944eeec7a.jpeg?1758277468,,,,,,,,,,,,,,,,,,,,,
